WORD,FREQ
ABACK,0
ABASE,0
ABBEY,0
ABBOT,0
ABHOR,0
ABLED,0
ABORT,0
ABOUT,0
ABOVE,0
ABUSE,0
ABUTS,0
ABYSS,0
ACHED,0
ACHES,0
ACIDS,0
ACIDY,0
ACMES,0
ACORN,0
ACRES,0
ACRID,0
ACTED,0
ACTOR,0
ACUTE,0
ADAGE,0
ADAPT,0
ADDED,0
ADDLE,0
ADEPT,0
ADIEU,0
ADMIT,0
ADOPT,0
ADORE,0
ADORN,0
ADULT,0
AEGIS,0
AESOP,0
AFFIX,0
AFIRE,0
AFTER,0
AGAIN,0
AGAPE,0
AGATE,0
AGENT,0
AGGGG,0
AGILE,0
AGING,0
AGLOW,0
AHEAD,0
AHOLD,0
AIDER,0
AIMER,0
AIOLI,0
AIRED,0
ALANE,0
ALARM,0
ALBUM,0
ALDER,0
ALERT,0
ALGAE,0
ALIAS,0
ALIEN,0
ALIGN,0
ALIKE,0
ALINE,0
ALIVE,0
ALLAY,0
ALLEE,0
ALLOT,0
ALLOW,0
ALLOY,0
ALOHA,0
ALONE,0
ALONG,0
ALOOF,0
ALOUD,0
ALTAR,0
ALTER,0
ALURE,0
AMASS,0
AMBER,0
AMBLE,0
AMIDS,0
AMIGO,0
AMINO,0
AMISS,0
AMONG,0
AMPLE,0
AMPRE,0
AMUSE,0
ANELE,0
ANGEL,0
ANGER,0
ANGLE,0
ANGST,0
ANIMA,0
ANKLE,0
ANNAL,0
ANNEX,0
ANNOY,0
ANODE,0
ANTES,0
ANTIC,0
ANTSU,0
ANTSY,0
ANULL,0
ANVIL,0
APACE,0
APING,0
APNEA,0
APPLE,0
APPLY,0
APRIL,0
APRON,0
APTLY,0
ARBOR,0
ARDOR,0
AREAS,0
ARGON,0
ARGUE,0
ARISE,0
ARMOR,0
AROMA,0
AROSE,0
ARPEN,0
ARRAY,0
ARRGH,0
ARROW,0
ARSON,0
ARTSY,0
ASCOT,0
ASHEN,0
ASHES,0
ASIDE,0
ASKEW,0
ASPEN,0
ASPIC,0
ATLAS,0
ATOLL,0
ATONE,0
ATTIC,0
AUDIO,0
AUDIT,0
AUGER,0
AUGUR,0
AUTOS,0
AVERT,0
AVISO,0
AVOID,0
AWAKE,0
AWARD,0
AWARE,0
AWASH,0
AWFUL,0
AWOKE,0
AXELS,0
AXIAL,0
AXING,0
AXIOM,0
AXLED,0
AXLES,0
AZURE,0
BABES,0
BACKS,0
BACON,0
BADDY,0
BADGE,0
BADLY,0
BAGGY,0
BAILS,0
BAITS,0
BAKED,0
BAKER,0
BAKES,0
BALDS,0
BALER,0
BALES,0
BALKS,0
BALKY,0
BALLS,0
BALLY,0
BALMS,0
BALMY,0
BALSA,0
BANDS,0
BANDY,0
BANGS,0
BANJO,0
BARBS,0
BARDS,0
BARED,0
BARES,0
BARGE,0
BARKS,0
BARNS,0
BARRE,0
BASAL,0
BASES,0
BASIC,0
BASIL,0
BASIN,0
BASIS,0
BASKS,0
BASTE,0
BATCH,0
BATHE,0
BATHS,0
BATIK,0
BATON,0
BATTY,0
BAWDS,0
BAWLS,0
BAYOU,0
BEACH,0
BEADS,0
BEADY,0
BEAMS,0
BEANS,0
BEARD,0
BEARS,0
BEAST,0
BEATS,0
BEAUT,0
BEBOP,0
BEECH,0
BEEFY,0
BEEPS,0
BEERS,0
BEETS,0
BEFIT,0
BEGAN,0
BEGAT,0
BEGET,0
BEGIN,0
BEGUN,0
BEIGE,0
BEING,0
BELCH,0
BELIE,0
BELLE,0
BELLS,0
BELLY,0
BELOW,0
BELTS,0
BENCH,0
BENDS,0
BENDY,0
BERET,0
BERME,0
BESET,0
BETEL,0
BETSY,0
BEVEL,0
BEZEL,0
BICEP,0
BIDDY,0
BIDES,0
BIERS,0
BIGOT,0
BIKER,0
BIKES,0
BILGE,0
BILLS,0
BILLY,0
BINGE,0
BINGO,0
BIOME,0
BIPED,0
BIRCH,0
BIRDS,0
BIRTH,0
BISON,0
BITSY,0
BITTY,0
BLABS,0
BLACK,0
BLADE,0
BLAME,0
BLAND,0
BLANK,0
BLARE,0
BLASE,0
BLAST,0
BLAZE,0
BLEAK,0
BLEAR,0
BLEAT,0
BLEED,0
BLEEP,0
BLEND,0
BLIMP,0
BLIND,0
BLING,0
BLINK,0
BLISS,0
BLITZ,0
BLOCK,0
BLOCS,0
BLOKE,0
BLOND,0
BLOOD,0
BLOOM,0
BLOWN,0
BLOWS,0
BLUER,0
BLUES,0
BLUEY,0
BLUFF,0
BLUNT,0
BLURB,0
BLURS,0
BLURT,0
BLUSH,0
BOARD,0
BOAST,0
BOATS,0
BOBBY,0
BOCKS,0
BODES,0
BOGEY,0
BOGGY,0
BOGIE,0
BOGUS,0
BOILS,0
BOLUS,0
BONDS,0
BONED,0
BONES,0
BONEY,0
BONGO,0
BONNY,0
BOOBY,0
BOOED,0
BOOMS,0
BOOST,0
BOOTH,0
BOOTS,0
BOOTY,0
BOOZE,0
BORAX,0
BORED,0
BORER,0
BORES,0
BORNE,0
BORON,0
BOSCH,0
BOSOM,0
BOSSY,0
BOTCH,0
BOULE,0
BOUND,0
BOUTS,0
BOWED,0
BOWEL,0
BOWER,0
BOXED,0
BOXER,0
BOXES,0
BRACE,0
BRAGS,0
BRAID,0
BRAIL,0
BRAIN,0
BRAKE,0
BRAND,0
BRASH,0
BRASS,0
BRATS,0
BRAVE,0
BRAVO,0
BREAD,0
BREAK,0
BREED,0
BREWS,0
BRIAR,0
BRIBE,0
BRICK,0
BRIDE,0
BRIEF,0
BRIMS,0
BRINE,0
BRING,0
BRINK,0
BRINY,0
BRITT,0
BROAD,0
BROIL,0
BROKE,0
BROMO,0
BRONC,0
BROOD,0
BROOM,0
BROTH,0
BROWN,0
BRUNT,0
BRUSH,0
BRUTE,0
BUDDY,0
BUDGE,0
BUFFS,0
BUGGY,0
BUGLE,0
BUILD,0
BUILT,0
BULBS,0
BULGE,0
BULKY,0
BULLY,0
BUMPS,0
BUMPY,0
BUNCH,0
BUNDT,0
BUNKS,0
BUNNY,0
BUOYS,0
BURLY,0
BURNS,0
BURNT,0
BURRO,0
BURRS,0
BURST,0
BUSED,0
BUSHY,0
BUSTY,0
BUXOM,0
BUXON,0
BUYER,0
BYLAW,0
BYWAY,0
CABLE,0
CACHE,0
CADDY,0
CADET,0
CADRE,0
CAGED,0
CAGES,0
CAJON,0
CAKES,0
CALFS,0
CALKS,0
CALLS,0
CALMS,0
CAMEL,0
CAMEO,0
CAMPY,0
CANAL,0
CANDY,0
CANED,0
CANES,0
CANNY,0
CANOE,0
CANON,0
CAPER,0
CAPES,0
CAPUT,0
CARAT,0
CARBS,0
CARED,0
CARER,0
CARES,0
CARGO,0
CAROL,0
CARPS,0
CARRS,0
CARTS,0
CARVE,0
CASES,0
CASKS,0
CASTE,0
CASTS,0
CATCH,0
CATER,0
CAUSE,0
CAVED,0
CAVES,0
CEASE,0
CEDAR,0
CELAR,0
CELEB,0
CELLS,0
CENTS,0
CHADS,0
CHAFE,0
CHAFF,0
CHAIN,0
CHAIR,0
CHALK,0
CHAMP,0
CHANT,0
CHAOS,0
CHAPS,0
CHARD,0
CHARM,0
CHART,0
CHASE,0
CHATS,0
CHAWS,0
CHEAP,0
CHEAT,0
CHEEK,0
CHEER,0
CHEFS,0
CHEMO,0
CHERT,0
CHESS,0
CHEST,0
CHETH,0
CHEWS,0
CHEWY,0
CHICK,0
CHIDE,0
CHIEF,0
CHILD,0
CHILL,0
CHIME,0
CHIMP,0
CHINK,0
CHINO,0
CHINS,0
CHIPS,0
CHIRP,0
CHIVE,0
CHOCK,0
CHOIR,0
CHOMP,0
CHOOK,0
CHOPS,0
CHORD,0
CHORE,0
CHOSE,0
CHUCK,0
CHUGS,0
CHUMP,0
CHUMS,0
CHUNK,0
CHURN,0
CHUTE,0
CIDER,0
CIGAR,0
CINCH,0
CIRCA,0
CITED,0
CITES,0
CIVIC,0
CIVIL,0
CLACK,0
CLAIM,0
CLAMP,0
CLAMS,0
CLANK,0
CLANS,0
CLASH,0
CLASP,0
CLASS,0
CLAYS,0
CLEAN,0
CLEAR,0
CLEAT,0
CLEFT,0
CLERK,0
CLICK,0
CLIFF,0
CLIMB,0
CLING,0
CLINK,0
CLOAK,0
CLODS,0
CLOGS,0
CLONE,0
CLONK,0
CLOSE,0
CLOTH,0
CLOTS,0
CLOUD,0
CLOUT,0
CLOVE,0
CLOWN,0
CLUED,0
CLUMP,0
CLUNG,0
CLUNK,0
COALS,0
COAST,0
COATS,0
COBRA,0
COCKS,0
COCKY,0
COCOA,0
CODAS,0
CODED,0
CODER,0
CODES,0
CODEX,0
COEDS,0
COINS,0
COLAS,0
COLDS,0
COLLY,0
COLON,0
COLOR,0
COLTS,0
COMAS,0
COMBO,0
COMBS,0
COMET,0
COMFY,0
COMMA,0
COMMY,0
CONCH,0
CONED,0
CONES,0
CONEY,0
CONGA,0
CONIC,0
COOED,0
COOKS,0
COOLS,0
COPES,0
COPSE,0
CORAL,0
CORGI,0
CORKS,0
CORNS,0
CORSE,0
COSTA,0
COSTS,0
COUCH,0
COUGH,0
COULD,0
COUNT,0
COUPE,0
COUPS,0
COURT,0
COUTH,0
COVEN,0
COVER,0
COVEY,0
COWED,0
COWER,0
COWLS,0
COYED,0
COZIE,0
CRACK,0
CRAFT,0
CRAGS,0
CRAMP,0
CRAMS,0
CRANE,0
CRANK,0
CRAPS,0
CRASH,0
CRASS,0
CRATE,0
CRAVE,0
CRAWL,0
CRAWS,0
CRAZY,0
CREAM,0
CREED,0
CREEK,0
CREEL,0
CREEP,0
CREME,0
CREPE,0
CREPT,0
CRESS,0
CREST,0
CRIBS,0
CRICK,0
CRIED,0
CRIER,0
CRIES,0
CRIME,0
CRIMP,0
CRISP,0
CROAK,0
CROCK,0
CROCS,0
CRONE,0
CRONY,0
CROON,0
CROPS,0
CROSS,0
CROUP,0
CROWD,0
CROWN,0
CRUDE,0
CRUEL,0
CRUMB,0
CRUMP,0
CRUSE,0
CRUSH,0
CRUST,0
CRYPT,0
CUBER,0
CUBES,0
CUFFS,0
CULLS,0
CULTS,0
CUMIN,0
CUPID,0
CURBS,0
CURDS,0
CURED,0
CURES,0
CURIO,0
CURLS,0
CURLY,0
CURRY,0
CURSE,0
CURVE,0
CURVY,0
CUSHY,0
CUTCH,0
CUTER,0
CUTIE,0
CUTUP,0
CYBER,0
CYCLE,0
DACHA,0
DADDY,0
DAILY,0
DAIRY,0
DAMES,0
DANCE,0
DANDY,0
DARED,0
DARER,0
DARES,0
DARKS,0
DARNS,0
DATES,0
DATUM,0
DAUNT,0
DAWNS,0
DAZED,0
DEALS,0
DEALT,0
DEATH,0
DEBAR,0
DEBIT,0
DEBUG,0
DEBUT,0
DECAF,0
DECAL,0
DECAY,0
DECKS,0
DECOR,0
DEEMS,0
DEERS,0
DEFAT,0
DEFER,0
DEIGN,0
DEITY,0
DELAY,0
DELIS,0
DELLS,0
DELTA,0
DELVE,0
DEMON,0
DEMUR,0
DENIM,0
DENSE,0
DENTS,0
DEPOT,0
DEPOY,0
DEPTH,0
DERBY,0
DESKS,0
DETER,0
DETOX,0
DEUCE,0
DEVIL,0
DEVON,0
DIARY,0
DICED,0
DICEY,0
DICKS,0
DIETS,0
DIETY,0
DIGIT,0
DIKES,0
DILLS,0
DILLY,0
DIMES,0
DIMLY,0
DINAR,0
DINED,0
DINES,0
DINGS,0
DINGY,0
DIODE,0
DIRGE,0
DIRKS,0
DISCO,0
DISCS,0
DISKS,0
DITCH,0
DITSY,0
DITTY,0
DITZY,0
DIVAN,0
DIVAS,0
DIVED,0
DIVER,0
DIVES,0
DOCKS,0
DODGE,0
DODGY,0
DODOS,0
DOGES,0
DOGGY,0
DOGMA,0
DOING,0
DOJOS,0
DOLED,0
DOLLS,0
DOLLY,0
DOMED,0
DOMES,0
DONOR,0
DONUT,0
DOOMS,0
DOORS,0
DOOZY,0
DOPED,0
DOPER,0
DOPES,0
DOPEY,0
DORMS,0
DOSED,0
DOSES,0
DOTED,0
DOTES,0
DOUBT,0
DOUGH,0
DOULA,0
DOVES,0
DOWEL,0
DOWNS,0
DOWNY,0
DOWRY,0
DOWSE,0
DOZED,0
DOZEN,0
DOZER,0
DOZES,0
DRAFT,0
DRAGS,0
DRAIN,0
DRAKE,0
DRAMA,0
DRAMS,0
DRANK,0
DRAPE,0
DRAWN,0
DRAWS,0
DREAD,0
DREAM,0
DREGS,0
DRESS,0
DREST,0
DRIED,0
DRIER,0
DRIES,0
DRIFT,0
DRILL,0
DRINK,0
DRIPS,0
DRIVE,0
DROID,0
DROLL,0
DRONE,0
DROOP,0
DROSS,0
DROVE,0
DROWN,0
DRUBS,0
DRUID,0
DRUMS,0
DRUNK,0
DRYER,0
DRYLY,0
DUCHY,0
DUCKY,0
DUCTS,0
DUELS,0
DUETS,0
DULLS,0
DULLY,0
DUMPY,0
DUNCE,0
DUNES,0
DUPED,0
DUSTS,0
DUSTY,0
DUTCH,0
DUVET,0
DWARF,0
DWELL,0
DYING,0
EAGER,0
EAGLE,0
EARLY,0
EARNS,0
EARTH,0
EASEL,0
EASES,0
EATEN,0
EATER,0
EAVES,0
EBBED,0
EBONY,0
ECLAT,0
EDGED,0
EDGER,0
EDGES,0
EDICT,0
EDIFY,0
EDILE,0
EDITS,0
EERIE,0
EGRET,0
EIGHT,0
ELBOW,0
ELDEN,0
ELDER,0
ELECT,0
ELEGY,0
ELFIN,0
ELIDE,0
ELUDE,0
EMAIL,0
EMBED,0
EMBER,0
EMPTY,0
ENACT,0
ENDED,0
ENDOW,0
ENEMY,0
ENJOY,0
ENNUI,0
ENOLS,0
ENSUE,0
ENTER,0
ENTRE,0
ENTRY,0
EPICS,0
EPOCH,0
EPOXY,0
EQUAL,0
EQUIP,0
ERASE,0
ERODE,0
ERRED,0
ERROR,0
ERUPT,0
ESTER,0
ETHER,0
EUROS,0
EVADE,0
EVENS,0
EVERT,0
EVERY,0
EVICT,0
EVILS,0
EVOKE,0
EXACT,0
EXALT,0
EXAMS,0
EXCEL,0
EXECS,0
EXERT,0
EXILE,0
EXIST,0
EXITS,0
EXPEL,0
EXTOL,0
EXTRA,0
EXUDE,0
EYING,0
FACED,0
FACER,0
FACES,0
FACET,0
FACTS,0
FADDY,0
FADED,0
FAILS,0
FAIRS,0
FAITH,0
FAKED,0
FAKER,0
FAKES,0
FALLS,0
FALSE,0
FAMED,0
FANCY,0
FANGS,0
FANNY,0
FARCE,0
FARED,0
FARES,0
FASTS,0
FATAL,0
FATES,0
FAULT,0
FAUNA,0
FAUVE,0
FAVAS,0
FAVOR,0
FAWNS,0
FAZED,0
FAZES,0
FEARS,0
FECAL,0
FEELS,0
FEIGN,0
FEIST,0
FELLA,0
FELLS,0
FELON,0
FEMME,0
FEMUR,0
FENCE,0
FERNS,0
FERRY,0
FETAL,0
FETCH,0
FETID,0
FEUDS,0
FEVER,0
FEWER,0
FIBER,0
FIBRE,0
FIELD,0
FIERY,0
FIFTH,0
FIGHT,0
FILCH,0
FILER,0
FILES,0
FILLS,0
FILLY,0
FILMS,0
FILMY,0
FILTH,0
FINAL,0
FINCH,0
FINDS,0
FINER,0
FINES,0
FINKS,0
FIRED,0
FIRES,0
FIRST,0
FIRTH,0
FISHY,0
FISTS,0
FIXED,0
FIXER,0
FIXES,0
FIZZY,0
FJORD,0
FLACK,0
FLAGS,0
FLAIL,0
FLAIR,0
FLAKE,0
FLAKY,0
FLAME,0
FLANK,0
FLAPS,0
FLARE,0
FLASH,0
FLASK,0
FLATS,0
FLAWS,0
FLAYS,0
FLEAS,0
FLECK,0
FLEES,0
FLEET,0
FLESH,0
FLICK,0
FLIES,0
FLINT,0
FLOCK,0
FLOES,0
FLOGS,0
FLOOD,0
FLORA,0
FLOSS,0
FLOUR,0
FLOWN,0
FLOWS,0
FLUES,0
FLUFF,0
FLUID,0
FLUKE,0
FLUME,0
FLUNG,0
FLUNK,0
FLUSH,0
FLUTE,0
FLYBY,0
FOCAL,0
FOCUS,0
FOGGY,0
FOLDS,0
FOLIO,0
FOLLY,0
FOODS,0
FOOLS,0
FORCE,0
FORDS,0
FORGE,0
FORKS,0
FORMS,0
FORTE,0
FORTH,0
FORTS,0
FORTY,0
FORUM,0
FOUND,0
FOURS,0
FOWLS,0
FOXED,0
FOXES,0
FRAIL,0
FRAME,0
FRAUD,0
FREAK,0
FREER,0
FREES,0
FRESH,0
FRETS,0
FRIAR,0
FRIES,0
FRISK,0
FRITZ,0
FROCK,0
FROGS,0
FRONT,0
FROST,0
FROTH,0
FROWN,0
FROZE,0
FRUIT,0
FRYER,0
FUDGE,0
FUEDS,0
FUELS,0
FUFUE,0
FUGUE,0
FULES,0
FULLY,0
FUMED,0
FUNDS,0
FUNGI,0
FUNKY,0
FUNNY,0
FURLS,0
FUROR,0
FURRY,0
FUSED,0
FUSES,0
FUSSY,0
GABLE,0
GAINS,0
GALAS,0
GALES,0
GAMAS,0
GAMER,0
GAMES,0
GAMMA,0
GANGS,0
GAPED,0
GARBS,0
GASPS,0
GASSY,0
GATED,0
GATES,0
GATOR,0
GAUGE,0
GAUNT,0
GAUZE,0
GAVEL,0
GAWKY,0
GAZED,0
GAZER,0
GEEKS,0
GEEKS,0
GEEKY,0
GENES,0
GENIE,0
GENRE,0
GENUS,0
GERMS,0
GETUP,0
GHOST,0
GIANT,0
GIBES,0
GIDDY,0
GILLS,0
GIMPY,0
GIRDS,0
GIRLS,0
GIRTH,0
GIVEN,0
GIVER,0
GIVES,0
GIZMO,0
GLADE,0
GLAND,0
GLARE,0
GLASS,0
GLAZE,0
GLEAM,0
GLEAN,0
GLEES,0
GLIDE,0
GLINT,0
GLOAT,0
GLOBE,0
GLOBS,0
GLOMS,0
GLOVE,0
GLOWS,0
GLUED,0
GLUES,0
GLUGS,0
GLUTS,0
GNARL,0
GNASH,0
GNATS,0
GNAWS,0
GNOME,0
GOADS,0
GOALS,0
GOATS,0
GODLY,0
GOFER,0
GOLEM,0
GONER,0
GONGS,0
GONZO,0
GOODS,0
GOODY,0
GOOEY,0
GOOFY,0
GOONS,0
GOOSE,0
GORES,0
GORGE,0
GOUGE,0
GOURD,0
GRABS,0
GRACE,0
GRADE,0
GRADS,0
GRAFT,0
GRAIN,0
GRAMS,0
GRAND,0
GRANT,0
GRAPE,0
GRAPH,0
GRASP,0
GRASS,0
GRATE,0
GRAVE,0
GRAYS,0
GRAZE,0
GREAT,0
GREED,0
GREET,0
GREYS,0
GRIEF,0
GRILL,0
GRIME,0
GRIND,0
GRINS,0
GRIPE,0
GRIPS,0
GRITH,0
GRITS,0
GROAN,0
GROAT,0
GROIN,0
GROPE,0
GROSS,0
GROUP,0
GROUT,0
GROVE,0
GROWL,0
GROWN,0
GRUEL,0
GRUFF,0
GRUMP,0
GRUNT,0
GUANO,0
GUARD,0
GUAVA,0
GUAZE,0
GUCKS,0
GUESS,0
GUEST,0
GUIDE,0
GUILD,0
GUILE,0
GUILT,0
GUISE,0
GULAG,0
GULLS,0
GULLY,0
GULPS,0
GUMBO,0
GUMMY,0
GUNKS,0
GUPPY,0
GURUS,0
GUSTO,0
GUSTS,0
GUSTY,0
GUTSY,0
HACKS,0
HAIKU,0
HAILS,0
HAIRS,0
HAIRY,0
HALLS,0
HALOS,0
HANDY,0
HANGS,0
HANKY,0
HAPPY,0
HARDY,0
HARES,0
HARKS,0
HARPY,0
HARRY,0
HARSH,0
HARTS,0
HASTE,0
HASTY,0
HATCH,0
HATED,0
HATER,0
HATES,0
HAUNT,0
HAVEN,0
HAVES,0
HAVOC,0
HAWKS,0
HAWKY,0
HAZED,0
HEADS,0
HEALS,0
HEARD,0
HEARS,0
HEART,0
HEATH,0
HEATS,0
HEAVE,0
HEDGE,0
HEEDS,0
HEELS,0
HEFTY,0
HEIRS,0
HEIST,0
HELIX,0
HELLO,0
HELPS,0
HEMPS,0
HENCE,0
HENNA,0
HERDS,0
HERON,0
HERTZ,0
HICKS,0
HIDES,0
HIGHS,0
HIKED,0
HIKER,0
HIKES,0
HILLS,0
HILLY,0
HIPPO,0
HIPPY,0
HITCH,0
HIVES,0
HOARD,0
HOARY,0
HOCKS,0
HOIST,0
HOKEY,0
HOLED,0
HOLES,0
HOLEY,0
HOLLY,0
HOMED,0
HOMES,0
HONES,0
HONEY,0
HONOR,0
HOOCH,0
HOODS,0
HOODY,0
HOOFS,0
HOOKY,0
HOOLY,0
HOOPS,0
HOOTS,0
HOPED,0
HOPPY,0
HORDE,0
HORNS,0
HORNY,0
HORSE,0
HOSED,0
HOSTS,0
HOTEL,0
HOTLY,0
HOUND,0
HOUSE,0
HOVEL,0
HOVER,0
HUFFS,0
HUGER,0
HULAS,0
HULKS,0
HULKY,0
HULLS,0
HUMAN,0
HUMID,0
HUMOR,0
HUMPS,0
HUMUS,0
HUNCH,0
HUNKS,0
HUNKY,0
HUNTS,0
HURLS,0
HURLY,0
HUSKS,0
HUSKY,0
HUTCH,0
HYDRA,0
HYENA,0
HYPER,0
ICILY,0
ICING,0
IDEAL,0
IDEAS,0
IDIOT,0
IDLED,0
IDLER,0
IDOLS,0
IDYLL,0
IGLOO,0
ILIAC,0
IMAGE,0
IMPEL,0
IMPLY,0
INANE,0
INBOX,0
INCOG,0
INDEX,0
INDIE,0
INDUE,0
INGOT,0
INKER,0
INLAY,0
INNER,0
INPUT,0
INSET,0
INTER,0
INTRO,0
INURE,0
IONIC,0
IRATE,0
IRKED,0
IRONS,0
ISLET,0
ISSUE,0
ITCHY,0
IVORY,0
JACKS,0
JACKY,0
JADED,0
JAILS,0
JAUNT,0
JAZZY,0
JERKS,0
JESTS,0
JETTY,0
JEWEL,0
JIBES,0
JIFFY,0
JINKS,0
JOCKS,0
JOCKY,0
JOINS,0
JOINT,0
JOIST,0
JOKED,0
JOKER,0
JOKES,0
JOLLY,0
JOWLS,0
JOYED,0
JUDGE,0
JUICE,0
JUICY,0
JUKES,0
JUMPS,0
JUMPY,0
JUNTA,0
KANJI,0
KAPPA,0
KARMA,0
KAYAK,0
KEBAB,0
KEENS,0
KEEPS,0
KELPS,0
KEYED,0
KICKS,0
KIDDO,0
KILOS,0
KILTS,0
KINDS,0
KINGS,0
KINKS,0
KINKY,0
KIOSK,0
KITES,0
KITTY,0
KIWIS,0
KNEAD,0
KNEED,0
KNEEL,0
KNEES,0
KNELL,0
KNIFE,0
KNITS,0
KNOBS,0
KNOCK,0
KNOLL,0
KNOWN,0
KOALA,0
KOOKS,0
KOOKY,0
KRAFT,0
KUDZU,0
LACED,0
LACES,0
LADED,0
LADEL,0
LADEN,0
LADLE,0
LAGER,0
LAIRS,0
LAITY,0
LAKES,0
LAMBS,0
LANCE,0
LANDS,0
LANES,0
LAPEL,0
LAPSE,0
LARDY,0
LARES,0
LARGE,0
LARKS,0
LARKY,0
LASER,0
LASSO,0
LASTS,0
LATCH,0
LATED,0
LATER,0
LATEX,0
LATTE,0
LAUGH,0
LAWNS,0
LAYER,0
LAYUP,0
LEACH,0
LEADS,0
LEAFY,0
LEAKS,0
LEAKY,0
LEANS,0
LEANT,0
LEAPT,0
LEARN,0
LEASH,0
LEAST,0
LEDGE,0
LEECH,0
LEEKS,0
LEERS,0
LEERY,0
LEFTY,0
LEGAL,0
LEGIT,0
LEMMA,0
LEMON,0
LEMUR,0
LENTO,0
LEPER,0
LEVEE,0
LEVEL,0
LEVER,0
LIARS,0
LIBEL,0
LICKS,0
LIDAR,0
LIEGE,0
LIENS,0
LIFTS,0
LIGHT,0
LIKED,0
LIKER,0
LIKES,0
LILAC,0
LIMBO,0
LIMBS,0
LIMBY,0
LIMEY,0
LIMIT,0
LIMOS,0
LIMPS,0
LINED,0
LINEN,0
LINER,0
LINKS,0
LINUX,0
LIONS,0
LIPID,0
LIPPY,0
LIRAS,0
LISPS,0
LISTS,0
LITER,0
LITHE,0
LIVEN,0
LIVER,0
LIVES,0
LIVID,0
LOADS,0
LOAMY,0
LOANS,0
LOBBY,0
LOBED,0
LOBES,0
LOCAL,0
LOCKS,0
LOCUS,0
LODES,0
LODGE,0
LOFTS,0
LOFTY,0
LOGIC,0
LOGIN,0
LOINS,0
LONER,0
LONGS,0
LOOKS,0
LOOMS,0
LOONY,0
LOOPS,0
LOOPY,0
LOOSE,0
LOPES,0
LORDS,0
LORRY,0
LOSES,0
LOTTO,0
LOTUS,0
LOUSE,0
LOUSY,0
LOVED,0
LOVER,0
LOWER,0
LOYAL,0
LUCID,0
LUCKY,0
LUGER,0
LULLS,0
LUMEN,0
LUMPS,0
LUMPY,0
LUNAR,0
LUNCH,0
LUNGE,0
LUNGS,0
LURCH,0
LURKS,0
LYING,0
LYMPH,0
LYNCH,0
LYRIC,0
MACAW,0
MACED,0
MACES,0
MACHO,0
MACRO,0
MADAM,0
MADLY,0
MAFIA,0
MAGES,0
MAGIC,0
MAGMA,0
MAIDS,0
MAILS,0
MAIZE,0
MAJOR,0
MAKER,0
MAKES,0
MALES,0
MALIC,0
MALLS,0
MALTY,0
MAMAS,0
MAMBA,0
MAMES,0
MAMMA,0
MANES,0
MANGE,0
MANGY,0
MANIA,0
MANIC,0
MANLY,0
MANNA,0
MANOR,0
MAPLE,0
MARCH,0
MARES,0
MARKS,0
MARRY,0
MARSH,0
MASKS,0
MASON,0
MASTS,0
MATCH,0
MATER,0
MATES,0
MATEY,0
MATZO,0
MAUVE,0
MAVEN,0
MAXIM,0
MAYAN,0
MAYBE,0
MAYOR,0
MEANT,0
MEANY,0
MEATY,0
MEDAL,0
MEDIA,0
MEDIC,0
MELDS,0
MELON,0
MEMES,0
MEMOS,0
MENSA,0
MEOWS,0
MERGE,0
MERIT,0
MESAS,0
MESSY,0
METAL,0
METER,0
METRO,0
MICRO,0
MIDGE,0
MIDST,0
MIGHT,0
MIKED,0
MIKES,0
MILES,0
MILKS,0
MILKY,0
MILLS,0
MIMED,0
MIMIC,0
MINCE,0
MINDS,0
MINED,0
MINER,0
MINIM,0
MINIS,0
MINOR,0
MINTS,0
MINTY,0
MIRED,0
MIRTH,0
MISER,0
MISSY,0
MISTS,0
MITER,0
MITES,0
MITTS,0
MIXED,0
MIXER,0
MIXUP,0
MOANS,0
MOATS,0
MOCHA,0
MODEL,0
MODEM,0
MODES,0
MOGUL,0
MOIST,0
MOLAR,0
MOLAS,0
MOLDS,0
MOLDY,0
MOLES,0
MOMMY,0
MONEY,0
MONTH,0
MOOCH,0
MOODS,0
MOODY,0
MOONS,0
MOOSE,0
MOOTS,0
MOPED,0
MORAL,0
MORAS,0
MORAY,0
MOREL,0
MORES,0
MORON,0
MOSSY,0
MOSTS,0
MOTEL,0
MOTHS,0
MOTIF,0
MOTOR,0
MOTTO,0
MOULT,0
MOUND,0
MOUNT,0
MOURN,0
MOUSE,0
MOUSY,0
MOUTH,0
MOVED,0
MOVER,0
MOVES,0
MOVIE,0
MOWED,0
MOWER,0
MOXIE,0
MUCKY,0
MUCUS,0
MUDDY,0
MUGGY,0
MULCH,0
MULES,0
MULLS,0
MUMMY,0
MUNCH,0
MURAL,0
MURKY,0
MUSED,0
MUSES,0
MUSHY,0
MUSIC,0
MUSKY,0
MUSTY,0
MUTCH,0
MUTED,0
MUTES,0
MYRRH,0
NACHO,0
NAILS,0
NAIVE,0
NAKED,0
NAMER,0
NANCY,0
NANNY,0
NASAL,0
NASTY,0
NATAL,0
NATCH,0
NATTY,0
NAVAL,0
NAVEL,0
NEARS,0
NECKS,0
NEEDS,0
NEEDY,0
NEIGH,0
NERDS,0
NERDY,0
NERVE,0
NEWER,0
NEWLY,0
NEXUS,0
NICER,0
NICHE,0
NICKS,0
NIGHT,0
NINES,0
NINJA,0
NINNY,0
NINTH,0
NIXES,0
NOBLE,0
NOCKS,0
NODAL,0
NODES,0
NOISE,0
NOISY,0
NOMAD,0
NOOKS,0
NOOSE,0
NORMS,0
NORTH,0
NOTCH,0
NOUNS,0
NOVEL,0
NUDGE,0
NUMBS,0
NURSE,0
NUTTY,0
NYMPH,0
OAKEN,0
OASES,0
OBESE,0
OBEYS,0
OBOES,0
OCCUR,0
OCEAN,0
OCHER,0
OCTAL,0
OCTET,0
ODDER,0
ODORS,0
OFFER,0
OFTEN,0
OGIVE,0
OGRES,0
OILED,0
OLDEN,0
OLDER,0
OLDIE,0
OLIVE,0
OMBER,0
OMBRE,0
OMEGA,0
OMENS,0
OMITS,0
ONSET,0
OOMPH,0
OOZED,0
OOZES,0
OPALS,0
OPERA,0
OPINE,0
OPIUM,0
OPTED,0
OPTIC,0
ORATE,0
ORBIT,0
ORDER,0
ORGAN,0
OTHER,0
OTTER,0
OUGHT,0
OUNCE,0
OUSTS,0
OUTDO,0
OUTER,0
OUTGO,0
OVARY,0
OVENS,0
OVERT,0
OVINE,0
OWING,0
OWNED,0
OWNER,0
OXIDE,0
OZONE,0
PACED,0
PACHA,0
PACKS,0
PACTS,0
PADDY,0
PADRE,0
PAGAN,0
PAGED,0
PAGER,0
PAGES,0
PAILS,0
PAINT,0
PAIRS,0
PALED,0
PALER,0
PALES,0
PALMS,0
PANDA,0
PANED,0
PANEL,0
PANES,0
PANGS,0
PANIC,0
PANSY,0
PANTS,0
PANTY,0
PAPAL,0
PAPER,0
PARCH,0
PARED,0
PARER,0
PARIS,0
PARKA,0
PARRY,0
PARSE,0
PARTY,0
PASHA,0
PASSE,0
PASTA,0
PASTE,0
PASTS,0
PATCH,0
PATEN,0
PATIO,0
PATTY,0
PAUSE,0
PAVED,0
PAVES,0
PAWED,0
PAWNS,0
PAYED,0
PAYEE,0
PAYER,0
PEACE,0
PEACH,0
PEARL,0
PEARS,0
PECAN,0
PEDAL,0
PEEKS,0
PEELS,0
PEEPS,0
PEERS,0
PEEVE,0
PELTS,0
PENAL,0
PENCE,0
PENNE,0
PENNY,0
PEONY,0
PERCH,0
PERKY,0
PESKY,0
PESOS,0
PESTO,0
PESTS,0
PETAL,0
PHONE,0
PHONY,0
PIANO,0
PICAL,0
PICKS,0
PICKY,0
PIETY,0
PIKER,0
PIKES,0
PILAF,0
PILAW,0
PILES,0
PILOT,0
PINCH,0
PINES,0
PINEY,0
PINKS,0
PINKY,0
PINOT,0
PINTO,0
PINTS,0
PIOUS,0
PIPES,0
PIQUE,0
PITCH,0
PITHY,0
PIVOT,0
PIXEL,0
PIXIE,0
PIZZA,0
PLACE,0
PLAIN,0
PLAIT,0
PLANE,0
PLANK,0
PLANT,0
PLATE,0
PLAYS,0
PLAZA,0
PLEAR,0
PLEAT,0
PLODS,0
PLOTS,0
PLOYS,0
PLUCK,0
PLUGS,0
PLUMB,0
PLUME,0
PLUMP,0
PLUMS,0
PLUSH,0
POCKS,0
POESY,0
POETS,0
POINT,0
POISE,0
POKER,0
POKES,0
POLAR,0
POLER,0
POLES,0
POLIO,0
POLIS,0
POMES,0
POOCH,0
POOFS,0
POOFY,0
POOLS,0
POPES,0
POPPY,0
PORCH,0
PORES,0
POSEY,0
POSSE,0
POSTS,0
POUCH,0
POUND,0
POURS,0
POUTS,0
POUTY,0
POWER,0
PRAMS,0
PRANG,0
PRANK,0
PRAWN,0
PRAYS,0
PREPS,0
PREYS,0
PRICE,0
PRICK,0
PRIED,0
PRIES,0
PRIGS,0
PRIMA,0
PRIME,0
PRIMS,0
PRINT,0
PRISM,0
PRIZE,0
PROBE,0
PROFS,0
PROMO,0
PROMS,0
PRONE,0
PRONG,0
PROOF,0
PROPS,0
PROSE,0
PROUD,0
PROVE,0
PROWL,0
PROXY,0
PRUDE,0
PRUNE,0
PRYER,0
PUCES,0
PUCKS,0
PUFFS,0
PULLS,0
PULPY,0
PULSE,0
PUMPS,0
PUNCH,0
PUNKS,0
PUNTS,0
PUPIL,0
PUPPY,0
PURER,0
PURGE,0
PURRS,0
PURSE,0
PUSHY,0
PUSSY,0
PUTTY,0
PYLON,0
QUAIL,0
QUAKE,0
QUALE,0
QUALM,0
QUARK,0
QUART,0
QUASH,0
QUASI,0
QUBIC,0
QUBIT,0
QUEEN,0
QUEER,0
QUELL,0
QUEST,0
QUEUE,0
QUICK,0
QUIET,0
QUILL,0
QUILT,0
QUINT,0
QUIPS,0
QUIRK,0
QUIRT,0
QUITS,0
QUOTA,0
QUOTE,0
RABID,0
RACED,0
RACER,0
RACKS,0
RADAR,0
RADII,0
RADIO,0
RAFTS,0
RAGED,0
RAILS,0
RAINY,0
RAISE,0
RAJAH,0
RAKED,0
RAKES,0
RALLY,0
RALPH,0
RAMEN,0
RANCH,0
RANGE,0
RANGY,0
RANTS,0
RAPED,0
RAPID,0
RARER,0
RASPS,0
RASPY,0
RATED,0
RATES,0
RATIO,0
RAVED,0
RAVEL,0
RAVEN,0
RAVES,0
RAZED,0
RAZES,0
REACH,0
REACT,0
READS,0
READY,0
REALM,0
REAMS,0
REARM,0
REARS,0
REBAR,0
REBEL,0
REBUS,0
RECAP,0
RECON,0
RECUR,0
RECUT,0
REDED,0
REDIP,0
REDOS,0
REEDS,0
REEDY,0
REEKS,0
REELS,0
REFER,0
REIGN,0
REKEY,0
RELAX,0
RELAY,0
RELIC,0
RELIT,0
REMAP,0
REMET,0
RENAL,0
RENTS,0
REPAY,0
REPEL,0
REPLY,0
REPRO,0
RERAN,0
RERUN,0
RESAW,0
RESEE,0
RESEW,0
RESIN,0
RESTS,0
RETAX,0
RETCH,0
RETRO,0
REUSE,0
REVEL,0
REVUE,0
REWAW,0
RHINO,0
RHOMB,0
RHYME,0
RICER,0
RICIN,0
RICKS,0
RIDER,0
RIDES,0
RIDGE,0
RIFFS,0
RIFLE,0
RIGHT,0
RIGID,0
RIGOR,0
RILES,0
RIMER,0
RINDS,0
RINGS,0
RINSE,0
RIOTS,0
RIPEN,0
RISEN,0
RISER,0
RISES,0
RISKS,0
RISKY,0
RITZY,0
RIVAL,0
RIVER,0
RIVES,0
RIVET,0
ROACH,0
ROADS,0
ROAMS,0
ROARS,0
ROAST,0
ROBES,0
ROBIN,0
ROBOT,0
ROCKS,0
ROCKY,0
ROLES,0
ROOFS,0
ROOKS,0
ROOMY,0
ROOST,0
ROOTS,0
ROPES,0
ROSES,0
ROSET,0
ROUES,0
ROUGE,0
ROUGH,0
ROUND,0
ROUSE,0
ROUST,0
ROUTE,0
ROVES,0
ROWDY,0
ROYAL,0
RUBLE,0
RUDDY,0
RUDER,0
RUGBY,0
RUINS,0
RULER,0
RULES,0
RUMBA,0
RUMMY,0
RUMOR,0
RUNES,0
RUNNY,0
RUNTS,0
RUPEE,0
RUSHY,0
RUSTY,0
SABLE,0
SABRE,0
SACKS,0
SADLY,0
SAFER,0
SAGGY,0
SAILS,0
SAINT,0
SAKES,0
SALAD,0
SALES,0
SALLY,0
SALON,0
SALTY,0
SALVE,0
SALVO,0
SAMBA,0
SANDY,0
SAPPY,0
SASSY,0
SATES,0
SATIN,0
SAUCE,0
SAUCY,0
SAVES,0
SAVVY,0
SAWER,0
SCABS,0
SCADS,0
SCALE,0
SCALP,0
SCALY,0
SCAMP,0
SCAMS,0
SCANS,0
SCANT,0
SCARE,0
SCARF,0
SCART,0
SCARY,0
SCATS,0
SCENE,0
SCENT,0
SCHUL,0
SCION,0
SCOFF,0
SCOLD,0
SCONE,0
SCOOP,0
SCOOT,0
SCOPE,0
SCORE,0
SCORN,0
SCOUR,0
SCOUT,0
SCOWL,0
SCRAM,0
SCRAP,0
SCREE,0
SCREW,0
SCRUB,0
SCRUM,0
SCUBA,0
SCUDS,0
SCUFF,0
SCUMS,0
SEAMY,0
SECTS,0
SEDAN,0
SEDGE,0
SEDUM,0
SEEDY,0
SEELY,0
SEEMS,0
SEEPS,0
SEERS,0
SEGUE,0
SEINE,0
SEIZE,0
SELLS,0
SEMEN,0
SEMIS,0
SENDS,0
SEPIA,0
SERFS,0
SERIF,0
SERUM,0
SERVE,0
SETUP,0
SEVEN,0
SEVER,0
SEWED,0
SEWER,0
SEXES,0
SHADE,0
SHAFT,0
SHAKE,0
SHALL,0
SHALT,0
SHAME,0
SHAMS,0
SHAPE,0
SHARD,0
SHARE,0
SHARK,0
SHARP,0
SHAVE,0
SHAWL,0
SHEAR,0
SHEEP,0
SHEER,0
SHEET,0
SHEIK,0
SHELF,0
SHIED,0
SHIFT,0
SHINE,0
SHINS,0
SHIPS,0
SHIRE,0
SHIRK,0
SHIRT,0
SHOAL,0
SHOCK,0
SHOES,0
SHONE,0
SHOOK,0
SHORE,0
SHORN,0
SHORT,0
SHOTS,0
SHOUT,0
SHOVE,0
SHOWN,0
SHOWS,0
SHOWY,0
SHRED,0
SHREW,0
SHRUB,0
SHRUG,0
SHUNT,0
SHUSH,0
SHUTS,0
SHYLY,0
SIDES,0
SIEGE,0
SIEVE,0
SIFTS,0
SIGHS,0
SIGHT,0
SIGMA,0
SIGNS,0
SILKS,0
SILKY,0
SILLY,0
SILOS,0
SILTY,0
SINCE,0
SINES,0
SINEW,0
SINGS,0
SINKS,0
SINUS,0
SIREN,0
SISAL,0
SISSY,0
SITUP,0
SIXTH,0
SKATE,0
SKEET,0
SKIED,0
SKIER,0
SKILL,0
SKIMP,0
SKIMS,0
SKINS,0
SKIPS,0
SKIRT,0
SKITS,0
SKULK,0
SKULL,0
SKUNK,0
SLABS,0
SLACK,0
SLAIN,0
SLAMS,0
SLANG,0
SLANT,0
SLAPS,0
SLASH,0
SLATE,0
SLAVE,0
SLAYS,0
SLEEK,0
SLEEP,0
SLEET,0
SLEPT,0
SLICE,0
SLICK,0
SLIDE,0
SLIMY,0
SLING,0
SLINK,0
SLIPS,0
SLOOP,0
SLOPE,0
SLOPS,0
SLOTH,0
SLOWS,0
SLUGS,0
SLUMP,0
SLUNG,0
SLUNK,0
SLURP,0
SLURS,0
SLUSH,0
SLYLY,0
SMACK,0
SMALL,0
SMART,0
SMASH,0
SMEAR,0
SMELL,0
SMELT,0
SMILE,0
SMITE,0
SMITH,0
SMOCK,0
SMOKE,0
SMOKY,0
SMOTE,0
SNACK,0
SNAFU,0
SNAGS,0
SNAIL,0
SNAKE,0
SNAKY,0
SNARE,0
SNARL,0
SNEAK,0
SNEER,0
SNIDE,0
SNIPE,0
SNIPS,0
SNOBS,0
SNOOK,0
SNOOP,0
SNORE,0
SNORT,0
SNOUT,0
SNOWS,0
SNOWY,0
SNUCK,0
SOAKS,0
SOAPY,0
SOARS,0
SOBER,0
SOCKS,0
SODAS,0
SOFAS,0
SOGGY,0
SOLAR,0
SOLES,0
SOLID,0
SOLOS,0
SOLVE,0
SONAR,0
SONGS,0
SOOTH,0
SORER,0
SORES,0
SORRY,0
SORTS,0
SOULS,0
SOUND,0
SOUPS,0
SOUPY,0
SOURS,0
SOUTH,0
SOWER,0
SPACE,0
SPADE,0
SPAIL,0
SPALL,0
SPANK,0
SPANS,0
SPARK,0
SPASH,0
SPASM,0
SPATE,0
SPATS,0
SPAWN,0
SPEAK,0
SPEAR,0
SPECK,0
SPELT,0
SPEND,0
SPENT,0
SPERM,0
SPICE,0
SPICY,0
SPIES,0
SPIKE,0
SPIKY,0
SPINE,0
SPINS,0
SPITS,0
SPITZ,0
SPLAT,0
SPLAY,0
SPLIT,0
SPOKE,0
SPOOK,0
SPOOL,0
SPOOR,0
SPORE,0
SPORT,0
SPOTS,0
SPOUT,0
SPRAY,0
SPREE,0
SPRIG,0
SPRUG,0
SPUDS,0
SPURN,0
SPURS,0
SPURT,0
SQUAD,0
SQUIB,0
SQUID,0
STABS,0
STACK,0
STADE,0
STAFF,0
STAGE,0
STAGS,0
STAID,0
STAIN,0
STAIR,0
STAKE,0
STALE,0
STALK,0
STALL,0
STAMP,0
STAND,0
STARE,0
STARK,0
START,0
STASH,0
STATE,0
STATS,0
STAVE,0
STAYS,0
STEAK,0
STEAL,0
STEAM,0
STEEL,0
STEEP,0
STEIN,0
STEMS,0
STENO,0
STENT,0
STEPS,0
STERN,0
STEWS,0
STICH,0
STICK,0
STIED,0
STIFF,0
STILE,0
STILL,0
STILT,0
STING,0
STINK,0
STINT,0
STIRS,0
STOCK,0
STOLE,0
STOMP,0
STONE,0
STONY,0
STOOL,0
STOOP,0
STORE,0
STORK,0
STORM,0
STORY,0
STOUP,0
STOUT,0
STOVE,0
STOWS,0
STRAP,0
STRAW,0
STRAY,0
STRIP,0
STRUM,0
STRUT,0
STUBS,0
STUCK,0
STUDY,0
STUFF,0
STUMP,0
STUNG,0
STUNK,0
STUNS,0
STUNT,0
STUPE,0
STYLE,0
SUBER,0
SUCKS,0
SUCKY,0
SUGAR,0
SUITE,0
SUITS,0
SULKS,0
SULKY,0
SULLY,0
SUMAC,0
SUMPS,0
SUNNY,0
SUNUP,0
SUPER,0
SURER,0
SURFS,0
SURGE,0
SUSHI,0
SWAGS,0
SWAMP,0
SWANK,0
SWANS,0
SWAPS,0
SWARE,0
SWARM,0
SWAYS,0
SWEAR,0
SWEAT,0
SWEDE,0
SWEEP,0
SWEET,0
SWELL,0
SWEPT,0
SWIFT,0
SWIGS,0
SWILL,0
SWIMS,0
SWINE,0
SWING,0
SWIPE,0
SWIRL,0
SWISH,0
SWISS,0
SWOON,0
SWOOP,0
SWORD,0
SWORE,0
SWUNG,0
SYNCH,0
SYNOD,0
SYOUP,0
SYRUP,0
TABBY,0
TABLE,0
TABOO,0
TACIT,0
TACKS,0
TACKY,0
TACOS,0
TACTS,0
TAFFY,0
TAILS,0
TAINT,0
TAKEN,0
TAKER,0
TAKES,0
TALES,0
TALLY,0
TALON,0
TAMER,0
TAMES,0
TANGO,0
TANKS,0
TAPAS,0
TAPED,0
TAPER,0
TARED,0
TARPS,0
TARRY,0
TARTS,0
TASTE,0
TASTY,0
TATTY,0
TAUPE,0
TAWNY,0
TAXER,0
TEACH,0
TEAMS,0
TEARS,0
TEARY,0
TEDDY,0
TEEMS,0
TEENS,0
TEENY,0
TELLS,0
TELLY,0
TEMPO,0
TEMPS,0
TEMPT,0
TENDS,0
TENSE,0
TENTH,0
TENTS,0
TEPEE,0
TEPID,0
TERMS,0
TERNS,0
TERRA,0
TERRY,0
TERSE,0
TESLA,0
TESTS,0
TESTY,0
TEWED,0
TEXTS,0
THANK,0
THAWS,0
THEIR,0
THEME,0
THERE,0
THICK,0
THIEF,0
THIGH,0
THINE,0
THING,0
THINK,0
THINS,0
THIRD,0
THONG,0
THORN,0
THOSE,0
THREE,0
THREW,0
THROW,0
THRUM,0
THUDS,0
THUGS,0
THUMB,0
THUMP,0
THYME,0
TICKS,0
TIDAL,0
TIERS,0
TIFFS,0
TIGER,0
TIGHT,0
TILDE,0
TILES,0
TILLS,0
TILTS,0
TIMED,0
TIMER,0
TINEA,0
TINGE,0
TINKS,0
TINTS,0
TIPPY,0
TIPSY,0
TIRED,0
TITAN,0
TOADS,0
TOAST,0
TODAY,0
TODDY,0
TOKED,0
TOKEN,0
TOMBS,0
TOMES,0
TONAL,0
TONED,0
TONER,0
TONES,0
TONGS,0
TONIC,0
TOOLS,0
TOOTH,0
TORCH,0
TORSO,0
TORTE,0
TORUS,0
TOTAL,0
TOTEM,0
TOUCH,0
TOUGH,0
TOUTS,0
TOWED,0
TOWEL,0
TOWER,0
TOWNS,0
TOWNY,0
TOXIC,0
TOXIN,0
TOYED,0
TRACE,0
TRACK,0
TRADE,0
TRAIL,0
TRAIN,0
TRAIT,0
TRAMP,0
TRAMS,0
TRASH,0
TRAWL,0
TRAYS,0
TREAD,0
TREAT,0
TREKS,0
TREND,0
TREYS,0
TRIAD,0
TRIAL,0
TRIBE,0
TRICE,0
TRICK,0
TRIED,0
TRIES,0
TRIKE,0
TRILL,0
TRIMS,0
TRINE,0
TRIOS,0
TRIPE,0
TRIPS,0
TRITE,0
TROIS,0
TROMP,0
TROPE,0
TROTS,0
TROUP,0
TROUT,0
TRUCE,0
TRUCK,0
TRUED,0
TRUER,0
TRUES,0
TRUMP,0
TRUNK,0
TRUSS,0
TRUST,0
TRUTH,0
TUBAL,0
TUBER,0
TUBES,0
TUCKS,0
TULIP,0
TULLE,0
TUMMY,0
TUMOR,0
TUNED,0
TUNER,0
TUNIC,0
TURBO,0
TURFS,0
TUSKS,0
TUTOR,0
TWAIN,0
TWANG,0
TWEAK,0
TWEED,0
TWEEN,0
TWEET,0
TWICE,0
TWIGS,0
TWILL,0
TWINE,0
TWINS,0
TWIRL,0
TWIST,0
TWIXT,0
TYING,0
UDDER,0
ULAMA,0
ULCER,0
ULTRA,0
UMBER,0
UMBRA,0
UNBAR,0
UNBOX,0
UNCLE,0
UNCUT,0
UNDER,0
UNDID,0
UNDUE,0
UNFED,0
UNIFY,0
UNION,0
UNITE,0
UNITS,0
UNITY,0
UNLET,0
UNLIT,0
UNMET,0
UNPEN,0
UNPIN,0
UNRIG,0
UNSAY,0
UNSEW,0
UNTIE,0
UNTIL,0
UNZIP,0
UPEND,0
UPPED,0
UPPER,0
UPSET,0
URGED,0
URGES,0
USAGE,0
USERS,0
USHER,0
USING,0
USURY,0
UTILE,0
UTTER,0
VAGUE,0
VAILS,0
VALES,0
VALET,0
VALID,0
VALUE,0
VALVE,0
VANES,0
VAPES,0
VAPID,0
VAPOR,0
VARES,0
VASES,0
VAUNT,0
VAXES,0
VEGAN,0
VEINS,0
VENAL,0
VENOM,0
VENTS,0
VENUE,0
VERBS,0
VERGE,0
VERSE,0
VERVE,0
VEXED,0
VICES,0
VIDEO,0
VIDID,0
VIGIL,0
VINOS,0
VINYL,0
VIPER,0
VIRUS,0
VISIT,0
VISOR,0
VISTA,0
VITAL,0
VIVID,0
VIXEN,0
VOCAL,0
VOGIE,0
VOGUE,0
VOICE,0
VOIDS,0
VOILA,0
VOLES,0
VOLTS,0
VOTED,0
VOTER,0
VOTES,0
VOUCH,0
VOWEL,0
VOWER,0
VYING,0
W0RLD,0
WACKO,0
WADER,0
WADES,0
WAFER,0
WAGED,0
WAGER,0
WAGON,0
WAHOO,0
WAILS,0
WAIST,0
WAIVE,0
WAKES,0
WALDO,0
WALED,0
WALKS,0
WALLS,0
WALTZ,0
WANED,0
WANES,0
WARDS,0
WARED,0
WARMS,0
WARNS,0
WARPS,0
WARTY,0
WASPS,0
WASTE,0
WATCH,0
WATER,0
WATTS,0
WAVED,0
WAVER,0
WAVES,0
WAXED,0
WAXEN,0
WAXES,0
WEARS,0
WEARY,0
WEDGE,0
WEEDS,0
WEEDY,0
WEENS,0
WEEPS,0
WEEPY,0
WEIGH,0
WEILD,0
WEIRD,0
WELLS,0
WELSH,0
WELTS,0
WENCH,0
WHACK,0
WHALE,0
WHARF,0
WHEAL,0
WHEAT,0
WHIFF,0
WHIGS,0
WHILE,0
WHIMS,0
WHINE,0
WHINY,0
WHIPS,0
WHISK,0
WHITE,0
WHOLE,0
WHOSE,0
WICKS,0
WIDEN,0
WIDER,0
WIDOW,0
WIDTH,0
WIELD,0
WIGHT,0
WILDS,0
WILLS,0
WIMPS,0
WIMPY,0
WINCE,0
WINCH,0
WINDS,0
WINDY,0
WINES,0
WIPED,0
WIPER,0
WIPES,0
WIRES,0
WISER,0
WISPS,0
WITCH,0
WITTY,0
WIVES,0
WOKEN,0
WOMAN,0
WOMEN,0
WONKY,0
WOODS,0
WOODY,0
WOOLY,0
WOOZY,0
WORDS,0
WORKS,0
WORLD,0
WORMS,0
WORSE,0
WORST,0
WORTH,0
WOULD,0
WOUND,0
WOVEN,0
WOWED,0
WRACK,0
WRAPS,0
WRATH,0
WREAK,0
WRECK,0
WRENS,0
WREST,0
WRING,0
WRITE,0
WRONG,0
WROTE,0
WRUNG,0
WRYLY,0
WURST,0
XENON,0
YACHT,0
YAHOO,0
YANKS,0
YARDS,0
YARNS,0
YAWNS,0
YEARS,0
YEAST,0
YELLS,0
YELPS,0
YIELD,0
YOLKS,0
YOUNG,0
YOUTH,0
YUCKY,0
YUMMY,0
ZEBRA,0
ZEROS,0
ZESTY,0
ZILCH,0
ZINGS,0
ZIPPY,0
ZONAL,0
ZONES,0
ZOOMS,0
